-- Insert Customers
INSERT INTO Customers (FirstName, LastName, Email) VALUES
('John', 'Doe', 'john.doe@example.com'),
('Jane', 'Smith', 'jane.smith@example.com'),
('Emily', 'Jones', 'emily.jones@example.com'),
('Michael', 'Brown', 'michael.brown@example.com'),
('Linda', 'Davis', 'linda.davis@example.com'),
('Robert', 'Wilson', 'robert.wilson@example.com'),
('Mary', 'Taylor', 'mary.taylor@example.com'),
('James', 'Anderson', 'james.anderson@example.com'),
('Patricia', 'Thomas', 'patricia.thomas@example.com'),
('William', 'Moore', 'william.moore@example.com'),
('Elizabeth', 'Jackson', 'elizabeth.jackson@example.com'),
('David', 'White', 'david.white@example.com'),
('Jennifer', 'Martin', 'jennifer.martin@example.com'),
('Richard', 'Lee', 'richard.lee@example.com'),
('Susan', 'Harris', 'susan.harris@example.com'),
('Joseph', 'Clark', 'joseph.clark@example.com'),
('Jessica', 'Lewis', 'jessica.lewis@example.com'),
('Charles', 'Walker', 'charles.walker@example.com'),
('Sarah', 'Hall', 'sarah.hall@example.com'),
('Thomas', 'Young', 'thomas.young@example.com'),
('Karen', 'Allen', 'karen.allen@example.com'),
('Daniel', 'King', 'daniel.king@example.com'),
('Nancy', 'Wright', 'nancy.wright@example.com'),
('Matthew', 'Scott', 'matthew.scott@example.com'),
('Sandra', 'Green', 'sandra.green@example.com'),
('Mark', 'Adams', 'mark.adams@example.com'),
('Lisa', 'Baker', 'lisa.baker@example.com'),
('Paul', 'Gonzalez', 'paul.gonzalez@example.com'),
('Mary', 'Carter', 'mary.carter@example.com'),
('Steven', 'Mitchell', 'steven.mitchell@example.com'),
('Laura', 'Perez', 'laura.perez@example.com'),
('Brian', 'Roberts', 'brian.roberts@example.com'),
('Helen', 'Phillips', 'helen.phillips@example.com'),
('Kevin', 'Evans', 'kevin.evans@example.com'),
('Barbara', 'Campbell', 'barbara.campbell@example.com'),
('George', 'Parker', 'george.parker@example.com'),
('Deborah', 'Collins', 'deborah.collins@example.com'),
('Andrew', 'Stewart', 'andrew.stewart@example.com'),
('Melissa', 'Sanchez', 'melissa.sanchez@example.com'),
('Joshua', 'Morris', 'joshua.morris@example.com'),
('Carol', 'Rogers', 'carol.rogers@example.com'),
('Ryan', 'Reed', 'ryan.reed@example.com'),
('Angela', 'Cook', 'angela.cook@example.com'),
('Nicholas', 'Morgan', 'nicholas.morgan@example.com'),
('Debra', 'Bell', 'debra.bell@example.com'),
('Daniel', 'Bailey', 'daniel.bailey@example.com'),
('Rebecca', 'Cooper', 'rebecca.cooper@example.com'),
('Edward', 'Richardson', 'edward.richardson@example.com'),
('Sharon', 'Cox', 'sharon.cox@example.com'),
('Patrick', 'Howard', 'patrick.howard@example.com'),
('Jessica', 'Ward', 'jessica.ward@example.com'),
('Henry', 'Watson', 'henry.watson@example.com'),
('Emma', 'Brooks', 'emma.brooks@example.com');

-- Insert Products
INSERT INTO Products (ProductName, Price) VALUES
('Laptop', 999.99),
('Mouse', 25.50),
('Keyboard', 45.75),
('Monitor', 199.99),
('Printer', 89.99),
('Headphones', 120.00),
('Webcam', 55.00),
('Desk Chair', 180.00),
('External Hard Drive', 120.00),
('USB Flash Drive', 15.00),
('Smartphone', 699.99),
('Tablet', 329.99),
('Smartwatch', 249.99),
('Speakers', 89.99),
('Router', 79.99),
('Modem', 69.99),
('Mouse Pad', 10.00),
('Docking Station', 120.00),
('Graphics Card', 300.00),
('CPU Cooler', 70.00),
('Memory RAM', 150.00);

-- Insert Orders
INSERT INTO Orders (CustomerID, OrderDate) VALUES
(1, '2024-08-01'),
(2, '2024-08-02'),
(3, '2024-08-03'),
(4, '2024-08-04'),
(5, '2024-08-05'),
(6, '2024-08-06'),
(7, '2024-08-07'),
(8, '2024-08-08'),
(9, '2024-08-09'),
(10, '2024-08-10'),
(11, '2024-08-11'),
(12, '2024-08-12'),
(13, '2024-08-13'),
(14, '2024-08-14'),
(15, '2024-08-15'),
(16, '2024-08-16'),
(17, '2024-08-17'),
(18, '2024-08-18'),
(19, '2024-08-19'),
(20, '2024-08-20'),
(21, '2024-08-21'),
(22, '2024-08-22'),
(23, '2024-08-23'),
(24, '2024-08-24'),
(25, '2024-08-25'),
(26, '2024-08-26'),
(27, '2024-08-27'),
(28, '2024-08-28'),
(29, '2024-08-29'),
(30, '2024-08-30'),
(31, '2024-08-31'),
(32, '2024-09-01'),
(33, '2024-09-02'),
(34, '2024-09-03'),
(35, '2024-09-04'),
(36, '2024-09-05'),
(37, '2024-09-06'),
(38, '2024-09-07'),
(39, '2024-09-08'),
(40, '2024-09-09'),
(41, '2024-09-10'),
(42,

 '2024-09-11'),
(43, '2024-09-12'),
(44, '2024-09-13'),
(45, '2024-09-14'),
(46, '2024-09-15'),
(47, '2024-09-16'),
(48, '2024-09-17'),
(49, '2024-09-18'),
(50, '2024-09-19'),
(51, '2024-09-20'),
(52, '2024-09-21'),
(53, '2024-09-22'),
(54, '2024-09-23'),
(55, '2024-09-24'),
(56, '2024-09-25'),
(57, '2024-09-26'),
(58, '2024-09-27'),
(59, '2024-09-28'),
(60, '2024-09-29'),
(61, '2024-09-30'),
(62, '2024-10-01'),
(63, '2024-10-02'),
(64, '2024-10-03'),
(65, '2024-10-04'),
(66, '2024-10-05'),
(67, '2024-10-06'),
(68, '2024-10-07'),
(69, '2024-10-08'),
(70, '2024-10-09'),
(71, '2024-10-10'),
(72, '2024-10-11'),
(73, '2024-10-12'),
(74, '2024-10-13'),
(75, '2024-10-14'),
(76, '2024-10-15'),
(77, '2024-10-16'),
(78, '2024-10-17'),
(79, '2024-10-18'),
(80, '2024-10-19'),
(81, '2024-10-20'),
(82, '2024-10-21'),
(83, '2024-10-22'),
(84, '2024-10-23'),
(85, '2024-10-24'),
(86, '2024-10-25'),
(87, '2024-10-26'),
(88, '2024-10-27'),
(89, '2024-10-28'),
(90, '2024-10-29'),
(91, '2024-10-30'),
(92, '2024-10-31'),
(93, '2024-11-01'),
(94, '2024-11-02'),
(95, '2024-11-03'),
(96, '2024-11-04'),
(97, '2024-11-05'),
(98, '2024-11-06'),
(99, '2024-11-07'),
(100, '2024-11-08');

-- Insert OrderProducts
INSERT INTO OrderProducts (OrderID, ProductID, Quantity) VALUES
(1, 1, 1),
(1, 2, 2),
(2, 3, 1),
(3, 4, 1),
(4, 5, 2),
(5, 6, 1),
(6, 7, 1),
(7, 8, 1),
(8, 9, 2),
(9, 10, 3),
(10, 1, 2),
(11, 2, 1),
(12, 3, 1),
(13, 4, 1),
(14, 5, 1),
(15, 6, 2),
(16, 7, 1),
(17, 8, 1),
(18, 9, 1),
(19, 10, 1),
(20, 1, 1),
(21, 2, 1),
(22, 3, 1),
(23, 4, 1),
(24, 5, 2),
(25, 6, 1),
(26, 7, 1),
(27, 8, 1),
(28, 9, 2),
(29, 10, 1),
(30, 1, 2),
(31, 2, 2),
(32, 3, 1),
(33, 4, 1),
(34, 5, 1),
(35, 6, 1),
(36, 7, 1),
(37, 8, 2),
(38, 9, 1),
(39, 10, 3),
(40, 1, 1),
(41, 2, 1),
(42, 3, 2),
(43, 4, 1),
(44, 5, 1),
(45, 6, 1),
(46, 7, 1),
(47, 8, 1),
(48, 9, 2),
(49, 10, 2),
(50, 1, 1),
(51, 2, 1),
(52, 3, 1),
(53, 4, 2),
(54, 5, 1),
(55, 6, 2),
(56, 7, 1),
(57, 8, 1),
(58, 9, 1),
(59, 10, 1),
(60, 1, 2),
(61, 2, 1),
(62, 3, 1),
(63, 4, 2),
(64, 5, 1),
(65, 6, 1),
(66, 7, 1),
(67, 8, 1),
(68, 9, 2),
(69, 10, 2),
(70, 1, 1),
(71, 2, 1),
(72, 3, 1),
(73, 4, 1),
(74, 5, 2),
(75, 6, 1),
(76, 7, 1),
(77, 8, 1),
(78, 9, 1),
(79, 10, 3),
(80, 1, 1),
(81, 2, 1),
(82, 3, 2),
(83, 4, 1),
(84, 5, 2),
(85, 6, 1),
(86, 7, 1),
(87, 8, 1),
(88, 9, 2),
(89, 10, 1),
(90, 1, 1),
(91, 2, 1),
(92, 3, 2),
(93, 4, 1),
(94, 5, 1),
(95, 6, 2),
(96, 7, 1),
(97, 8, 1),
(98, 9, 1),
(99, 10, 1),
(100, 1, 1);
